id_bandeja,Meses,Macrotera  sinaloana,Apis mellifera,Bombus pensylvanicus,Diadasia sp.,Melissodes sp.,Augochlorella sp.,Lassioglossum (Dialictus),Lassioglossum (Evylaeus),Lithurgus littoralis,Megachile sp.
2015_1_1,1,0,1,0,0,0,0,0,0,0,0
2015_1_2,1,0,0,0,1,0,0,0,0,0,0
2015_1_3,1,1,1,0,0,0,0,0,0,0,0
2015_1_4,1,0,0,0,0,0,0,0,0,0,0
2015_1_5,1,0,1,0,0,0,0,0,0,0,0
2015_1_6,1,1,0,0,0,0,0,0,0,0,0
2015_1_7,1,0,0,0,0,0,0,0,0,0,0
2015_1_8,1,1,1,0,1,0,0,0,0,0,0
2015_1_9,1,0,0,0,0,0,0,0,0,0,0
2015_1_10,1,0,1,0,0,0,0,2,0,0,0
2015_1_11,1,0,0,0,0,0,0,0,0,0,0
2015_1_12,1,0,1,0,0,0,0,0,0,0,0
2015_1_13,1,0,0,0,0,0,0,0,0,0,0
2015_1_14,1,1,0,0,0,0,0,0,0,0,0
2015_1_15,1,0,1,0,0,0,0,0,0,0,0
2015_1_16,1,0,0,0,0,0,0,0,0,0,0
2015_1_17,1,0,0,0,0,0,0,0,0,0,0
2015_1_18,1,0,1,0,0,0,0,0,0,0,0
2015_1_19,1,0,0,0,0,0,0,0,0,0,0
2015_1_20,1,0,0,0,0,0,0,0,0,0,0
2015_1_21,1,0,0,0,0,0,0,0,0,0,0
2015_1_22,1,0,0,0,0,0,0,0,0,0,0
2015_1_23,1,0,0,0,0,0,0,0,0,0,0
2015_1_24,1,0,0,0,0,0,0,0,0,0,0
2015_1_25,1,0,0,0,0,0,0,0,0,0,0
2015_1_26,1,0,0,0,0,0,0,0,0,0,0
2015_1_27,1,0,1,0,0,0,0,0,0,0,0
2015_1_28,1,0,0,0,0,0,0,0,0,0,0
2015_1_29,1,0,1,0,0,0,0,0,0,0,0
2015_1_30,1,0,0,0,0,0,0,0,0,0,0
2015_2_1,2,1,0,0,0,0,0,0,0,0,0
2015_2_2,2,0,3,0,0,0,0,0,0,0,0
2015_2_3,2,1,0,0,0,0,1,0,0,0,0
2015_2_4,2,0,1,0,0,0,0,0,1,0,0
2015_2_5,2,2,0,0,0,0,0,1,0,0,0
2015_2_6,2,0,1,0,0,0,0,0,1,0,0
2015_2_7,2,0,0,0,0,0,1,0,0,0,0
2015_2_8,2,1,2,0,0,0,0,0,0,0,0
2015_2_9,2,0,0,0,0,0,0,1,0,0,0
2015_2_10,2,0,0,0,0,0,1,0,1,0,0
2015_2_11,2,0,0,0,0,0,0,0,0,0,0
2015_2_12,2,1,2,0,0,0,0,0,0,0,0
2015_2_13,2,0,0,0,0,0,0,0,0,0,0
2015_2_14,2,1,0,0,0,0,0,1,0,0,0
2015_2_15,2,0,0,0,0,0,0,0,1,0,0
2015_2_16,2,0,0,0,0,0,0,1,0,0,0
2015_2_17,2,0,3,0,0,0,0,0,0,0,0
2015_2_18,2,0,0,0,0,0,0,0,0,0,0
2015_2_19,2,0,0,0,0,0,0,0,0,0,0
2015_2_20,2,0,0,0,0,0,0,0,0,0,0
2015_2_21,2,0,0,0,0,0,0,0,0,0,0
2015_2_22,2,0,0,0,0,0,0,0,1,0,0
2015_2_23,2,0,1,0,0,0,0,0,0,0,0
2015_2_24,2,0,0,0,0,0,0,0,0,0,0
2015_2_25,2,0,0,0,0,0,0,0,1,0,0
2015_2_26,2,0,0,0,0,0,0,0,0,0,0
2015_2_27,2,0,0,0,0,0,1,0,0,0,0
2015_2_28,2,0,1,0,0,0,0,0,0,0,0
2015_2_29,2,0,0,0,0,0,0,0,0,0,0
2015_2_30,2,0,0,0,0,0,0,1,0,0,0
2015_3_1,3,2,0,0,0,0,0,2,0,0,0
2015_3_2,3,0,1,0,0,0,1,0,0,0,0
2015_3_3,3,0,0,0,2,0,0,3,0,0,0
2015_3_4,3,1,0,0,0,0,1,0,2,0,0
2015_3_5,3,0,2,0,1,0,1,3,0,0,0
2015_3_6,3,4,0,0,0,0,0,0,0,0,0
2015_3_7,3,0,0,0,0,0,0,0,1,0,0
2015_3_8,3,1,1,0,0,0,0,0,0,0,0
2015_3_9,3,0,0,0,0,0,2,0,3,0,0
2015_3_10,3,0,0,0,1,0,0,2,0,0,0
2015_3_11,3,2,0,0,0,0,0,0,0,0,0
2015_3_12,3,0,0,0,0,0,1,0,0,0,0
2015_3_13,3,0,0,0,0,0,0,0,1,0,0
2015_3_14,3,0,0,0,1,0,0,0,0,0,0
2015_3_15,3,0,1,0,0,0,1,1,0,0,3
2015_3_16,3,0,0,0,0,0,0,0,0,0,0
2015_3_17,3,1,1,0,0,0,0,0,0,0,0
2015_3_18,3,0,0,0,0,0,1,0,1,0,0
2015_3_19,3,0,1,0,0,0,0,0,0,0,0
2015_3_20,3,0,0,0,0,0,0,0,1,0,0
2015_3_21,3,1,0,0,0,0,0,1,0,0,0
2015_3_22,3,0,0,0,0,0,0,0,0,0,0
2015_3_23,3,0,0,0,0,0,0,0,1,0,0
2015_3_24,3,2,0,0,0,0,0,1,0,0,0
2015_3_25,3,0,0,0,0,0,0,0,0,0,0
2015_3_26,3,0,0,0,1,0,0,0,1,0,0
2015_3_27,3,0,0,0,0,0,0,0,0,0,0
2015_3_28,3,1,0,0,1,0,0,0,1,0,0
2015_3_29,3,0,0,0,0,0,0,0,0,0,0
2015_3_30,3,0,0,0,0,0,0,0,0,0,0
2015_4_1,4,0,0,0,0,0,1,0,0,0,1
2015_4_2,4,1,0,0,0,0,0,1,0,0,0
2015_4_3,4,0,2,0,0,0,3,0,0,0,0
2015_4_4,4,0,0,0,1,0,0,0,2,0,0
2015_4_5,4,2,0,0,0,0,0,3,0,0,1
2015_4_6,4,0,1,0,0,0,1,0,2,0,0
2015_4_7,4,2,0,0,1,0,0,0,0,0,1
2015_4_8,4,0,1,0,0,0,2,0,1,0,0
2015_4_9,4,0,0,0,1,0,0,3,0,0,0
2015_4_10,4,0,0,0,0,0,0,0,0,0,0
2015_4_11,4,1,0,0,0,0,0,0,0,0,0
2015_4_12,4,0,0,0,0,0,0,1,2,0,0
2015_4_13,4,1,0,0,1,0,0,0,0,0,0
2015_4_14,4,0,0,0,0,0,0,1,0,0,0
2015_4_15,4,1,0,0,0,0,1,0,0,0,1
2015_4_16,4,0,0,0,0,0,0,0,1,0,0
2015_4_17,4,0,1,0,0,0,0,0,0,0,0
2015_4_18,4,2,0,0,0,0,0,0,0,0,1
2015_4_19,4,1,0,0,0,0,1,0,2,0,0
2015_4_20,4,0,1,0,0,0,0,2,0,0,0
2015_4_21,4,0,0,0,1,0,0,0,0,0,0
2015_4_22,4,1,0,0,0,0,0,0,1,0,0
2015_4_23,4,0,0,0,0,0,0,0,0,0,0
2015_4_24,4,0,0,0,0,0,0,0,0,0,0
2015_4_25,4,0,0,0,0,0,0,0,1,0,0
2015_4_26,4,0,1,0,0,0,0,0,0,0,0
2015_4_27,4,0,0,0,0,0,0,0,0,0,0
2015_4_28,4,0,0,0,0,0,1,0,0,0,1
2015_4_29,4,1,0,0,0,0,0,0,0,0,0
2015_4_30,4,0,0,0,0,0,0,0,0,0,0
2015_5_1,5,0,0,0,2,0,0,0,0,0,0
2015_5_2,5,0,1,0,0,0,3,0,0,0,2
2015_5_3,5,0,0,0,0,0,0,2,0,0,0
2015_5_4,5,1,0,0,1,0,0,1,0,0,1
2015_5_5,5,0,2,0,0,0,1,0,3,0,0
2015_5_6,5,1,0,0,1,0,0,1,0,0,0
2015_5_7,5,3,0,0,0,0,1,1,3,0,0
2015_5_8,5,0,0,0,0,0,1,0,0,0,0
2015_5_9,5,2,0,0,0,0,0,0,2,0,0
2015_5_10,5,0,0,0,0,0,0,0,0,0,1
2015_5_11,5,0,1,0,1,0,0,0,0,0,0
2015_5_12,5,1,0,0,0,0,0,0,1,0,0
2015_5_13,5,0,0,0,0,0,1,0,0,0,1
2015_5_14,5,0,1,0,0,0,0,0,0,0,0
2015_5_15,5,1,0,0,0,0,0,2,1,0,0
2015_5_16,5,0,0,0,0,0,0,0,1,0,0
2015_5_17,5,0,0,0,2,0,0,0,0,0,1
2015_5_18,5,0,1,0,0,0,1,1,0,0,0
2015_5_19,5,1,0,0,0,0,0,0,0,0,1
2015_5_20,5,0,0,0,1,0,0,0,0,0,0
2015_5_21,5,0,0,0,0,0,1,0,1,0,0
2015_5_22,5,0,0,0,0,0,0,0,0,0,0
2015_5_23,5,0,1,0,0,0,0,0,0,0,0
2015_5_24,5,0,0,0,0,0,0,0,1,0,0
2015_5_25,5,0,0,0,0,0,1,0,0,0,0
2015_5_26,5,0,0,0,0,0,0,0,0,0,0
2015_5_27,5,1,0,0,0,0,0,1,0,0,0
2015_5_28,5,0,0,0,0,0,0,0,1,0,0
2015_5_29,5,0,0,0,1,0,0,1,0,0,0
2015_5_30,5,0,0,0,0,0,0,1,0,0,0
2015_6_1,6,0,3,0,0,0,0,0,0,0,0
2015_6_2,6,0,0,0,1,0,0,2,0,0,0
2015_6_3,6,2,1,0,0,0,1,0,2,0,0
2015_6_4,6,1,0,0,0,0,0,0,0,0,1
2015_6_5,6,0,3,0,1,0,0,1,0,0,0
2015_6_6,6,1,0,0,0,0,2,0,1,0,0
2015_6_7,6,1,0,0,2,0,0,0,0,0,0
2015_6_8,6,0,1,0,0,0,0,0,1,0,0
2015_6_9,6,1,0,0,1,0,0,1,0,0,0
2015_6_10,6,0,0,0,0,0,0,0,0,0,1
2015_6_11,6,0,1,0,0,0,1,0,1,0,0
2015_6_12,6,0,0,0,0,0,0,0,0,0,0
2015_6_13,6,1,0,0,0,0,0,0,0,0,1
2015_6_14,6,0,1,0,0,0,0,1,0,0,0
2015_6_15,6,0,1,0,1,0,1,0,1,0,0
2015_6_16,6,1,0,0,0,0,0,0,0,0,1
2015_6_17,6,0,0,0,0,0,0,1,0,0,0
2015_6_18,6,0,0,0,0,0,0,0,0,0,0
2015_6_19,6,0,0,0,0,0,1,0,0,0,1
2015_6_20,6,1,0,0,0,0,0,0,0,0,0
2015_6_21,6,0,0,0,0,0,0,1,1,0,0
2015_6_22,6,0,1,0,0,0,0,0,0,0,0
2015_6_23,6,0,0,0,0,0,1,0,0,0,0
2015_6_24,6,0,0,0,0,0,0,0,0,0,0
2015_6_25,6,0,0,0,0,0,0,0,0,0,0
2015_6_26,6,0,0,0,0,0,2,1,1,0,0
2015_6_27,6,0,0,0,0,0,0,0,0,0,0
2015_6_28,6,0,0,0,0,0,0,0,0,0,0
2015_6_29,6,0,0,0,0,0,0,0,2,0,0
2015_6_30,6,0,0,0,0,0,0,0,0,0,0
2015_7_1,7,2,0,0,0,0,1,0,0,0,0
2015_7_2,7,0,2,0,0,0,0,0,0,0,1
2015_7_3,7,0,1,0,0,0,0,1,0,0,0
2015_7_4,7,2,0,0,0,0,0,2,0,0,0
2015_7_5,7,0,1,0,0,0,1,0,3,0,0
2015_7_6,7,0,1,0,0,0,0,0,0,0,1
2015_7_7,7,1,0,0,0,0,1,0,1,0,0
2015_7_8,7,0,0,0,1,0,0,1,0,0,0
2015_7_9,7,1,1,0,0,0,1,0,0,0,0
2015_7_10,7,0,0,0,1,0,0,0,1,0,1
2015_7_11,7,0,0,0,0,0,0,1,0,0,0
2015_7_12,7,0,3,0,0,0,1,0,0,0,0
2015_7_13,7,2,0,0,1,0,0,0,1,0,0
2015_7_14,7,0,0,0,0,0,0,0,0,0,0
2015_7_15,7,0,1,0,0,0,0,1,0,0,1
2015_7_16,7,0,0,0,0,0,1,0,0,0,0
2015_7_17,7,1,0,0,1,0,0,0,1,0,0
2015_7_18,7,0,0,0,0,0,0,0,0,0,0
2015_7_19,7,0,0,0,0,0,1,0,0,0,1
2015_7_20,7,0,0,0,1,0,0,0,1,0,0
2015_7_21,7,0,0,0,0,0,0,0,0,0,0
2015_7_22,7,0,0,0,0,0,0,0,0,0,0
2015_7_23,7,0,0,0,0,0,0,0,0,0,0
2015_7_24,7,0,0,0,0,0,0,0,1,0,0
2015_7_25,7,0,0,0,0,0,0,0,0,0,0
2015_7_26,7,0,1,0,0,0,0,0,0,0,0
2015_7_27,7,0,0,0,0,0,0,0,0,0,0
2015_7_28,7,0,0,0,1,0,0,0,0,0,0
2015_7_29,7,0,0,0,0,0,0,0,0,0,0
2015_7_30,7,0,0,0,0,0,0,1,0,0,0
2015_8_1,8,1,0,0,0,0,1,0,0,0,0
2015_8_2,8,0,3,0,0,0,0,0,0,0,0
2015_8_3,8,0,1,0,0,0,0,2,0,0,0
2015_8_4,8,1,0,0,1,0,0,0,0,0,0
2015_8_5,8,0,1,0,0,0,1,0,0,0,0
2015_8_6,8,2,0,0,0,0,1,0,0,0,0
2015_8_7,8,0,0,0,1,0,0,0,0,0,0
2015_8_8,8,0,1,0,0,0,0,2,0,0,0
2015_8_9,8,0,1,0,1,0,0,0,0,0,0
2015_8_10,8,1,0,0,0,0,1,0,0,0,0
2015_8_11,8,0,0,0,0,0,1,0,0,0,0
2015_8_12,8,0,2,0,0,0,0,0,0,0,0
2015_8_13,8,1,0,0,1,0,0,1,0,0,0
2015_8_14,8,0,1,0,0,0,0,0,0,0,0
2015_8_15,8,0,1,0,0,0,0,0,0,0,0
2015_8_16,8,0,0,0,0,0,1,0,0,0,0
2015_8_17,8,0,1,0,0,0,0,1,0,0,0
2015_8_18,8,0,0,0,0,0,0,0,0,0,0
2015_8_19,8,0,1,0,0,0,1,0,0,0,0
2015_8_20,8,0,0,0,1,0,0,0,0,0,0
2015_8_21,8,0,0,0,0,0,0,0,0,0,0
2015_8_22,8,0,0,0,0,0,0,0,0,0,0
2015_8_23,8,0,1,0,0,0,0,0,0,0,0
2015_8_24,8,0,0,0,0,0,0,0,0,0,0
2015_8_25,8,0,1,0,0,0,0,0,0,0,0
2015_8_26,8,0,0,0,0,0,0,0,0,0,0
2015_8_27,8,1,0,0,0,0,0,0,0,0,0
2015_8_28,8,0,0,0,0,0,0,0,0,0,0
2015_8_29,8,0,0,0,0,0,0,0,0,0,0
2015_8_30,8,0,0,0,0,0,0,0,0,0,0
2015_9_1,9,1,3,0,0,0,0,0,0,0,0
2015_9_2,9,0,1,0,0,0,0,0,0,0,0
2015_9_3,9,0,0,0,0,0,0,1,0,0,0
2015_9_4,9,1,1,0,0,0,0,1,0,0,0
2015_9_5,9,0,0,0,1,0,0,0,0,0,0
2015_9_6,9,0,1,0,0,0,0,0,0,0,0
2015_9_7,9,0,1,0,0,0,1,0,0,0,0
2015_9_8,9,1,0,0,1,0,0,0,0,0,0
2015_9_9,9,0,0,0,0,0,1,0,0,0,0
2015_9_10,9,1,2,0,0,0,0,0,0,0,0
2015_9_11,9,0,0,0,0,0,0,0,0,0,0
2015_9_12,9,0,1,0,0,0,0,0,0,0,0
2015_9_13,9,0,0,0,1,0,1,0,0,0,0
2015_9_14,9,0,1,0,0,0,0,0,0,0,0
2015_9_15,9,1,0,0,0,0,0,0,0,0,0
2015_9_16,9,0,0,0,0,0,1,0,0,0,0
2015_9_17,9,0,2,0,1,0,0,0,0,0,0
2015_9_18,9,0,0,0,0,0,0,1,0,0,0
2015_9_19,9,0,1,0,0,0,0,1,0,0,0
2015_9_20,9,0,0,0,0,0,0,0,0,0,0
2015_9_21,9,0,0,0,0,0,0,0,0,0,0
2015_9_22,9,0,0,0,1,0,0,0,0,0,0
2015_9_23,9,0,1,0,0,0,0,0,0,0,0
2015_9_24,9,0,0,0,0,0,0,0,0,0,0
2015_9_25,9,0,1,0,0,0,0,0,0,0,0
2015_9_26,9,0,0,0,0,0,0,0,0,0,0
2015_9_27,9,0,1,0,0,0,0,0,0,0,0
2015_9_28,9,0,0,0,0,0,0,0,0,0,0
2015_9_29,9,0,0,0,0,0,0,0,0,0,0
2015_9_30,9,0,0,0,0,0,0,1,0,0,0
2015_10_1,10,0,0,0,0,0,0,1,0,0,0
2015_10_2,10,0,3,0,0,0,0,0,0,0,0
2015_10_3,10,0,0,0,2,0,0,0,0,0,0
2015_10_4,10,1,1,0,0,0,0,0,0,0,0
2015_10_5,10,0,0,0,0,0,1,0,0,0,0
2015_10_6,10,0,2,0,1,0,0,0,0,0,0
2015_10_7,10,0,0,0,0,0,0,1,0,0,0
2015_10_8,10,0,1,0,0,0,0,0,0,0,0
2015_10_9,10,0,1,0,0,0,1,0,0,0,0
2015_10_10,10,0,1,0,0,0,0,0,0,0,0
2015_10_11,10,0,0,0,1,0,0,0,0,0,0
2015_10_12,10,0,2,0,0,0,0,1,0,0,0
2015_10_13,10,0,0,0,1,0,0,0,0,0,0
2015_10_14,10,0,1,0,0,0,0,0,0,0,0
2015_10_15,10,1,0,0,0,0,1,0,0,0,0
2015_10_16,10,0,1,0,0,0,0,0,0,0,0
2015_10_17,10,0,0,0,0,0,0,0,0,0,0
2015_10_18,10,0,3,0,0,0,0,0,0,0,0
2015_10_19,10,0,0,0,0,0,0,0,0,0,0
2015_10_20,10,0,1,0,0,0,0,0,0,0,0
2015_10_21,10,0,0,0,0,0,1,0,0,0,0
2015_10_22,10,0,1,0,0,0,0,0,0,0,0
2015_10_23,10,0,0,0,0,0,0,0,0,0,0
2015_10_24,10,0,1,0,0,0,0,0,0,0,0
2015_10_25,10,0,1,0,0,0,0,0,0,0,0
2015_10_26,10,1,0,0,0,0,0,0,0,0,0
2015_10_27,10,0,1,0,0,0,0,0,0,0,0
2015_10_28,10,0,0,0,0,0,0,0,0,0,0
2015_10_29,10,0,1,0,0,0,0,0,0,0,0
2015_10_30,10,0,0,0,0,0,0,0,0,0,0
2015_11_1,11,0,0,1,0,0,1,0,0,0,0
2015_11_2,11,0,1,0,0,0,0,0,0,0,0
2015_11_3,11,0,0,1,0,0,0,0,0,0,0
2015_11_4,11,0,3,0,0,0,0,1,0,0,0
2015_11_5,11,1,1,1,0,0,0,0,0,0,0
2015_11_6,11,0,0,0,0,0,1,0,0,0,0
2015_11_7,11,0,2,2,0,0,0,0,0,0,0
2015_11_8,11,0,1,0,0,0,0,1,0,0,0
2015_11_9,11,1,0,0,0,0,0,0,0,0,0
2015_11_10,11,0,0,0,0,0,0,0,0,0,0
2015_11_11,11,0,3,0,0,0,0,0,0,0,0
2015_11_12,11,0,0,0,0,0,0,0,0,0,0
2015_11_13,11,0,1,0,0,0,0,0,0,0,0
2015_11_14,11,0,0,1,0,0,0,0,0,0,0
2015_11_15,11,0,0,0,0,0,0,1,0,0,0
2015_11_16,11,1,0,0,0,0,0,0,0,0,0
2015_11_17,11,0,1,1,0,0,0,0,0,0,0
2015_11_18,11,0,0,0,0,0,0,0,0,0,0
2015_11_19,11,0,1,0,0,0,0,1,0,0,0
2015_11_20,11,0,0,0,0,0,0,0,0,0,0
2015_11_21,11,0,0,0,0,0,0,0,0,0,0
2015_11_22,11,0,1,0,0,0,0,0,0,0,0
2015_11_23,11,0,0,0,0,0,0,0,0,0,0
2015_11_24,11,0,1,0,0,0,0,0,0,0,0
2015_11_25,11,0,0,0,0,0,0,0,0,0,0
2015_11_26,11,0,0,0,0,0,0,0,0,0,0
2015_11_27,11,0,1,0,0,0,0,0,0,0,0
2015_11_28,11,0,0,0,0,0,0,0,0,0,0
2015_11_29,11,0,0,0,0,0,0,0,0,0,0
2015_11_30,11,0,0,0,0,0,0,0,0,0,0
2015_12_1,12,0,3,0,0,0,0,0,0,0,0
2015_12_2,12,0,1,0,0,0,1,0,0,0,0
2015_12_3,12,1,0,1,0,0,0,0,0,0,0
2015_12_4,12,0,0,1,0,0,0,0,0,0,0
2015_12_5,12,0,2,0,0,0,0,0,0,0,0
2015_12_6,12,0,0,0,0,0,0,0,0,0,0
2015_12_7,12,0,1,0,0,0,0,0,0,0,0
2015_12_8,12,0,0,1,0,0,0,1,0,0,0
2015_12_9,12,0,1,0,0,0,0,0,0,0,0
2015_12_10,12,1,3,0,0,0,0,0,0,0,0
2015_12_11,12,0,0,1,0,0,0,0,0,0,0
2015_12_12,12,0,0,0,0,0,0,0,0,0,0
2015_12_13,12,0,3,0,0,0,0,0,0,0,0
2015_12_14,12,0,1,1,0,0,0,0,0,0,0
2015_12_15,12,0,0,0,0,0,1,0,0,0,0
2015_12_16,12,0,1,0,0,0,0,0,0,0,0
2015_12_17,12,0,2,0,0,0,0,0,0,0,0
2015_12_18,12,0,0,0,0,0,0,0,0,0,0
2015_12_19,12,1,1,0,0,0,0,0,0,0,0
2015_12_20,12,0,0,0,0,0,0,0,0,0,0
2015_12_21,12,0,0,0,0,0,0,1,0,0,0
2015_12_22,12,0,1,0,0,0,0,0,0,0,0
2015_12_23,12,0,0,0,0,0,0,0,0,0,0
2015_12_24,12,0,1,0,0,0,0,0,0,0,0
2015_12_25,12,0,0,0,0,0,0,0,0,0,0
2015_12_26,12,0,0,0,0,0,0,0,0,0,0
2015_12_27,12,0,1,0,0,0,0,0,0,0,0
2015_12_28,12,0,0,0,0,0,0,0,0,0,0
2015_12_29,12,0,0,0,0,0,0,0,0,0,0
2015_12_30,12,0,0,0,0,0,0,0,0,0,0
2016_1_1,13,0,1,0,0,0,0,0,0,0,0
2016_1_2,13,1,0,0,0,0,0,0,0,0,0
2016_1_3,13,0,0,0,0,0,0,1,0,0,0
2016_1_4,13,0,0,0,0,0,0,0,0,0,0
2016_1_5,13,0,1,0,0,0,0,0,0,0,0
2016_1_6,13,0,0,0,0,0,0,0,0,0,0
2016_1_7,13,0,1,0,0,0,0,1,0,0,0
2016_1_8,13,1,0,0,0,0,0,0,0,0,0
2016_1_9,13,0,0,0,0,0,0,0,0,0,0
2016_1_10,13,0,1,0,0,0,0,0,0,0,0
2016_1_11,13,0,0,0,0,0,0,0,0,0,0
2016_1_12,13,0,0,0,0,0,0,0,0,0,0
2016_1_13,13,0,1,0,0,0,0,0,0,0,0
2016_1_14,13,0,0,0,0,0,0,0,0,0,0
2016_1_15,13,0,1,0,0,0,0,0,0,0,0
2016_1_16,13,0,0,0,0,0,0,0,0,0,0
2016_1_17,13,0,0,0,0,0,0,1,0,0,0
2016_1_18,13,0,0,0,0,0,0,0,0,0,0
2016_1_19,13,0,1,0,0,0,0,0,0,0,0
2016_1_20,13,0,0,0,0,0,0,0,0,0,0
2016_1_21,13,0,0,0,0,0,0,0,0,0,0
2016_1_22,13,0,0,0,0,0,0,0,0,0,0
2016_1_23,13,0,0,0,0,0,0,0,0,0,0
2016_1_24,13,0,0,0,0,0,0,0,0,0,0
2016_1_25,13,0,0,0,0,0,0,0,0,0,0
2016_1_26,13,0,0,0,0,0,0,0,0,0,0
2016_1_27,13,0,0,0,0,0,0,0,0,0,0
2016_1_28,13,0,1,0,0,0,0,0,0,0,0
2016_1_29,13,0,0,0,0,0,0,0,0,0,0
2016_1_30,13,0,0,0,0,0,0,0,0,0,0
2016_2_1,14,0,0,0,0,0,0,1,0,0,0
2016_2_2,14,1,0,0,0,0,0,0,0,0,0
2016_2_3,14,0,1,0,0,0,0,0,0,0,0
2016_2_4,14,2,0,0,1,0,1,0,0,0,0
2016_2_5,14,0,1,0,0,0,0,0,0,0,0
2016_2_6,14,0,0,0,0,0,0,1,0,0,0
2016_2_7,14,0,1,0,0,0,0,0,0,0,0
2016_2_8,14,0,1,0,0,1,0,0,0,0,0
2016_2_9,14,0,0,0,0,1,0,0,0,0,0
2016_2_10,14,0,0,0,0,0,0,1,0,0,0
2016_2_11,14,0,1,0,0,0,0,0,0,0,0
2016_2_12,14,1,0,0,0,0,0,0,0,0,0
2016_2_13,14,0,0,0,0,0,0,1,0,0,0
2016_2_14,14,0,0,0,0,0,0,0,0,0,0
2016_2_15,14,0,1,0,0,0,1,0,0,0,0
2016_2_16,14,0,0,0,0,0,0,0,0,0,0
2016_2_17,14,1,0,0,0,0,0,0,0,0,0
2016_2_18,14,0,0,0,0,0,0,1,0,0,0
2016_2_19,14,0,1,0,0,0,1,0,0,0,0
2016_2_20,14,0,0,0,0,0,0,0,0,0,0
2016_2_21,14,0,0,0,0,0,0,0,0,0,0
2016_2_22,14,0,1,0,0,0,0,0,0,0,0
2016_2_23,14,0,0,0,0,0,0,1,0,0,0
2016_2_24,14,0,0,0,0,0,0,0,0,0,0
2016_2_25,14,0,0,0,1,0,0,0,0,0,0
2016_2_26,14,0,0,0,0,0,0,0,0,0,0
2016_2_27,14,0,0,0,0,0,1,0,0,0,0
2016_2_28,14,0,0,0,0,0,0,0,0,0,0
2016_2_29,14,0,1,0,0,0,0,0,0,0,0
2016_2_30,14,0,0,0,0,0,0,0,0,0,0
2016_3_1,15,2,0,0,0,0,1,0,0,0,0
2016_3_2,15,0,0,0,1,0,0,3,0,0,1
2016_3_3,15,1,0,1,0,0,2,0,0,0,0
2016_3_4,15,0,0,0,0,0,0,1,0,0,0
2016_3_5,15,2,0,0,1,0,0,0,0,0,0
2016_3_6,15,0,0,0,1,0,0,0,0,1,0
2016_3_7,15,0,1,0,0,0,0,3,0,0,0
2016_3_8,15,1,0,0,0,0,1,0,0,0,0
2016_3_9,15,0,0,0,0,1,0,0,0,0,0
2016_3_10,15,0,0,0,0,1,0,0,0,1,0
2016_3_11,15,1,0,1,0,0,0,0,0,0,0
2016_3_12,15,0,0,0,1,0,0,1,0,0,0
2016_3_13,15,0,0,0,1,0,0,0,0,0,0
2016_3_14,15,2,0,0,0,0,1,0,0,0,0
2016_3_15,15,0,1,0,0,0,0,0,0,0,0
2016_3_16,15,0,0,0,0,0,0,1,0,0,0
2016_3_17,15,0,0,0,0,0,1,0,0,1,0
2016_3_18,15,1,0,0,0,0,1,0,0,0,0
2016_3_19,15,0,0,0,0,0,0,0,0,0,0
2016_3_20,15,0,1,0,0,0,0,0,0,0,0
2016_3_21,15,0,0,0,1,0,0,0,0,0,0
2016_3_22,15,0,0,0,0,0,0,1,0,0,0
2016_3_23,15,1,0,0,0,0,0,0,0,0,0
2016_3_24,15,0,0,0,0,0,1,0,0,0,0
2016_3_25,15,0,0,0,0,1,0,0,0,0,1
2016_3_26,15,0,0,0,0,0,0,0,0,0,0
2016_3_27,15,1,0,0,0,0,0,0,0,0,0
2016_3_28,15,0,0,0,0,0,0,1,0,0,0
2016_3_29,15,0,0,0,0,0,0,0,0,0,0
2016_3_30,15,0,0,0,0,0,0,0,0,0,0
2016_4_1,16,0,0,0,1,0,0,0,0,1,0
2016_4_2,16,2,0,0,1,0,0,0,0,0,2
2016_4_3,16,0,0,0,0,0,1,0,0,1,0
2016_4_4,16,1,0,0,3,0,0,3,0,0,1
2016_4_5,16,0,0,0,0,0,1,0,0,2,0
2016_4_6,16,2,0,0,0,1,0,1,0,0,0
2016_4_7,16,1,0,0,2,0,1,2,0,0,0
2016_4_8,16,0,0,0,0,0,0,0,0,1,0
2016_4_9,16,0,0,0,1,0,2,1,0,0,0
2016_4_10,16,1,0,0,0,1,0,1,0,0,1
2016_4_11,16,0,0,0,0,0,0,1,0,0,0
2016_4_12,16,2,0,0,0,0,1,0,0,1,0
2016_4_13,16,0,0,0,1,0,0,1,0,0,0
2016_4_14,16,0,0,0,0,0,1,0,0,0,1
2016_4_15,16,1,3,0,0,0,0,0,0,1,0
2016_4_16,16,0,0,0,2,0,0,0,0,0,0
2016_4_17,16,0,0,0,0,0,1,0,0,1,0
2016_4_18,16,0,0,0,0,0,0,1,0,0,0
2016_4_19,16,0,0,0,1,0,0,1,0,0,1
2016_4_20,16,0,0,0,0,1,0,0,0,0,0
2016_4_21,16,0,0,0,0,0,1,0,0,0,0
2016_4_22,16,1,0,0,0,0,0,0,0,2,0
2016_4_23,16,0,0,0,1,0,0,0,0,0,0
2016_4_24,16,0,0,0,0,0,0,0,0,0,0
2016_4_25,16,0,0,0,0,1,0,1,0,0,0
2016_4_26,16,0,0,0,0,0,0,0,0,0,0
2016_4_27,16,0,0,0,0,0,0,0,0,0,0
2016_4_28,16,0,0,0,0,0,0,0,0,0,0
2016_4_29,16,0,0,0,0,0,1,0,0,0,0
2016_4_30,16,0,0,0,0,0,0,0,0,0,0
2016_5_1,17,1,0,0,0,0,0,0,0,1,0
2016_5_2,17,2,0,0,0,0,1,0,0,0,0
2016_5_3,17,0,1,0,1,0,0,2,0,0,0
2016_5_4,17,1,0,0,1,0,1,0,0,1,0
2016_5_5,17,0,1,0,0,1,0,2,0,0,1
2016_5_6,17,1,0,0,0,1,1,1,0,2,0
2016_5_7,17,0,0,0,1,0,0,0,0,0,2
2016_5_8,17,0,1,0,0,0,1,0,0,1,0
2016_5_9,17,0,0,0,0,1,0,1,0,0,1
2016_5_10,17,1,0,0,1,0,0,0,0,0,0
2016_5_11,17,0,0,0,0,0,0,0,0,1,0
2016_5_12,17,0,0,0,1,0,0,1,0,0,0
2016_5_13,17,1,0,0,0,0,1,0,0,0,0
2016_5_14,17,0,0,0,0,1,0,0,0,1,0
2016_5_15,17,0,1,0,1,0,0,0,0,0,0
2016_5_16,17,0,0,0,0,0,1,0,0,1,0
2016_5_17,17,1,0,0,1,0,0,1,0,0,0
2016_5_18,17,0,0,0,0,0,1,0,0,0,1
2016_5_19,17,1,0,0,0,0,1,0,0,1,0
2016_5_20,17,0,1,0,0,0,0,0,0,1,0
2016_5_21,17,0,0,0,0,0,0,1,0,0,0
2016_5_22,17,0,0,0,0,0,0,0,0,0,0
2016_5_23,17,1,0,0,0,0,0,0,0,0,0
2016_5_24,17,0,0,0,0,0,0,1,0,0,0
2016_5_25,17,1,0,0,1,0,0,0,0,0,0
2016_5_26,17,0,0,0,0,0,0,0,0,1,0
2016_5_27,17,0,0,0,0,1,0,1,0,0,0
2016_5_28,17,0,0,0,0,0,0,0,0,0,0
2016_5_29,17,0,0,0,0,0,0,0,0,0,0
2016_5_30,17,0,0,0,0,0,0,0,0,0,0
2016_6_1,18,0,0,0,0,0,0,2,0,0,0
2016_6_2,18,0,2,0,1,0,1,1,0,0,0
2016_6_3,18,1,0,0,0,1,0,0,0,0,1
2016_6_4,18,0,0,0,0,0,1,0,0,1,0
2016_6_5,18,2,0,0,1,0,0,0,0,0,1
2016_6_6,18,0,0,0,0,1,0,1,0,1,0
2016_6_7,18,0,1,0,1,0,1,0,0,0,0
2016_6_8,18,0,0,0,0,0,0,0,0,1,0
2016_6_9,18,0,1,0,0,1,0,0,0,0,1
2016_6_10,18,1,0,0,1,0,0,1,0,0,0
2016_6_11,18,0,0,0,0,0,0,1,0,0,0
2016_6_12,18,0,0,0,0,0,0,0,0,1,0
2016_6_13,18,1,0,0,0,0,0,0,0,0,1
2016_6_14,18,0,0,0,0,0,1,0,0,1,0
2016_6_15,18,1,0,0,0,0,0,2,0,0,0
2016_6_16,18,0,1,0,0,0,0,0,0,1,0
2016_6_17,18,0,0,0,0,1,0,0,0,0,0
2016_6_18,18,0,1,0,0,0,0,0,0,0,0
2016_6_19,18,1,0,0,0,0,1,0,0,1,0
2016_6_20,18,0,1,0,0,0,0,1,0,0,0
2016_6_21,18,0,0,0,0,0,0,0,0,0,0
2016_6_22,18,0,0,0,0,0,0,0,0,0,0
2016_6_23,18,0,0,0,0,0,1,0,0,0,0
2016_6_24,18,0,0,0,0,0,0,0,0,0,0
2016_6_25,18,1,0,0,0,0,0,0,0,0,0
2016_6_26,18,0,0,0,0,0,0,1,0,1,0
2016_6_27,18,0,1,0,0,0,0,0,0,0,0
2016_6_28,18,0,0,0,0,0,0,0,0,0,0
2016_6_29,18,0,1,0,0,0,0,0,0,0,0
2016_6_30,18,0,0,0,0,0,0,0,0,0,0
2016_7_1,19,0,1,0,0,0,0,0,0,1,0
2016_7_2,19,0,0,0,0,1,0,0,0,0,0
2016_7_3,19,1,0,0,1,0,1,0,0,1,0
2016_7_4,19,0,2,0,0,0,0,1,0,0,0
2016_7_5,19,1,0,0,0,0,1,0,0,0,1
2016_7_6,19,0,0,1,0,0,1,0,0,1,0
2016_7_7,19,1,0,0,0,1,0,0,0,0,1
2016_7_8,19,0,1,0,0,0,0,1,0,1,0
2016_7_9,19,2,0,0,1,0,0,0,0,0,1
2016_7_10,19,0,0,0,0,0,1,0,0,1,0
2016_7_11,19,0,0,0,0,0,0,0,0,0,0
2016_7_12,19,0,1,0,0,0,0,1,0,0,1
2016_7_13,19,0,0,0,0,0,0,0,0,0,1
2016_7_14,19,1,0,0,0,0,0,0,0,1,0
2016_7_15,19,0,2,0,0,0,0,1,0,0,0
2016_7_16,19,0,0,0,0,0,0,1,0,1,0
2016_7_17,19,0,0,0,1,0,0,0,0,0,0
2016_7_18,19,0,1,0,0,0,1,0,0,0,0
2016_7_19,19,0,0,0,0,0,0,1,0,0,0
2016_7_20,19,0,0,0,0,0,1,0,0,0,0
2016_7_21,19,0,1,0,0,0,0,0,0,0,0
2016_7_22,19,0,0,0,0,0,0,0,0,0,0
2016_7_23,19,0,0,0,0,0,0,0,0,0,0
2016_7_24,19,0,0,0,0,0,0,1,0,1,0
2016_7_25,19,0,0,0,0,0,0,0,0,0,0
2016_7_26,19,0,0,0,0,0,0,0,0,0,0
2016_7_27,19,0,1,0,0,0,0,0,0,0,0
2016_7_28,19,0,0,0,0,0,0,0,0,0,0
2016_7_29,19,0,0,0,0,0,0,2,0,0,0
2016_7_30,19,0,0,0,0,0,0,0,0,0,0
2016_8_1,20,1,0,0,0,0,0,0,0,0,0
2016_8_2,20,0,2,0,1,0,0,1,0,0,0
2016_8_3,20,0,0,0,0,0,0,0,0,0,0
2016_8_4,20,1,1,0,1,0,0,0,0,0,0
2016_8_5,20,0,0,0,0,0,0,0,0,0,0
2016_8_6,20,0,0,1,0,0,0,1,0,0,0
2016_8_7,20,1,0,0,0,0,1,0,0,1,0
2016_8_8,20,0,0,0,0,0,1,2,0,0,0
2016_8_9,20,0,1,0,0,0,0,0,0,0,0
2016_8_10,20,0,0,0,0,0,0,1,0,0,1
2016_8_11,20,1,0,0,0,0,0,0,0,0,0
2016_8_12,20,0,0,0,0,0,1,0,0,0,0
2016_8_13,20,0,0,0,0,0,0,0,0,0,0
2016_8_14,20,0,1,0,0,0,0,1,0,0,0
2016_8_15,20,1,0,0,0,0,0,0,0,0,0
2016_8_16,20,0,0,0,0,0,0,0,0,1,0
2016_8_17,20,0,1,0,0,0,0,1,0,0,0
2016_8_18,20,0,0,0,1,0,0,1,0,0,0
2016_8_19,20,0,1,0,0,0,0,0,0,0,0
2016_8_20,20,0,0,0,0,0,0,0,0,0,0
2016_8_21,20,0,0,0,0,0,0,0,0,0,0
2016_8_22,20,0,0,0,0,0,0,1,0,0,0
2016_8_23,20,0,1,0,0,0,0,0,0,0,0
2016_8_24,20,0,0,0,0,0,0,0,0,0,0
2016_8_25,20,0,0,0,0,0,0,0,0,0,0
2016_8_26,20,0,1,0,0,0,0,0,0,0,0
2016_8_27,20,0,0,0,0,0,0,0,0,0,0
2016_8_28,20,0,1,0,0,0,0,0,0,0,0
2016_8_29,20,0,0,0,0,0,1,0,0,0,0
2016_8_30,20,0,0,0,0,0,0,0,0,0,0
2016_9_1,21,0,2,0,0,0,0,0,0,0,0
2016_9_2,21,0,0,0,1,0,0,0,0,1,0
2016_9_3,21,1,0,0,0,0,0,1,0,0,0
2016_9_4,21,0,3,0,0,0,1,0,0,0,0
2016_9_5,21,1,0,0,0,0,1,0,0,0,0
2016_9_6,21,0,0,0,1,0,0,1,0,0,0
2016_9_7,21,0,1,0,0,0,0,0,0,1,0
2016_9_8,21,0,0,1,0,0,0,0,0,0,0
2016_9_9,21,0,0,0,0,0,0,1,0,0,0
2016_9_10,21,1,0,0,0,0,0,0,0,0,0
2016_9_11,21,0,0,0,0,0,0,0,0,0,0
2016_9_12,21,0,1,0,0,0,0,0,0,0,0
2016_9_13,21,0,0,0,0,0,1,1,0,0,0
2016_9_14,21,0,3,0,0,0,0,0,0,0,0
2016_9_15,21,1,0,0,0,0,0,0,0,0,0
2016_9_16,21,0,0,0,0,0,0,0,0,0,0
2016_9_17,21,0,0,0,1,0,0,0,0,0,0
2016_9_18,21,0,1,0,0,0,0,0,0,0,0
2016_9_19,21,1,0,0,0,0,0,0,0,0,0
2016_9_20,21,0,0,0,0,0,0,1,0,0,0
2016_9_21,21,0,0,0,0,0,0,0,0,0,0
2016_9_22,21,0,0,0,0,0,0,0,0,0,0
2016_9_23,21,0,0,0,0,0,0,0,0,0,0
2016_9_24,21,0,0,0,0,0,0,0,0,0,0
2016_9_25,21,0,1,0,0,0,0,0,0,0,0
2016_9_26,21,0,0,0,0,0,0,0,0,0,0
2016_9_27,21,0,0,0,0,0,1,0,0,0,0
2016_9_28,21,0,1,0,0,0,0,0,0,0,0
2016_9_29,21,0,0,0,0,0,0,0,0,0,0
2016_9_30,21,0,0,0,0,0,0,0,0,0,0
2016_10_1,22,0,0,0,0,0,1,0,0,0,0
2016_10_2,22,0,2,0,0,0,0,0,0,0,0
2016_10_3,22,0,0,0,0,0,0,1,0,0,0
2016_10_4,22,1,0,0,0,0,0,1,0,0,0
2016_10_5,22,0,0,0,0,0,0,0,0,0,0
2016_10_6,22,0,3,0,0,0,0,0,0,0,0
2016_10_7,22,0,0,0,0,0,1,0,0,0,0
2016_10_8,22,0,1,0,0,0,0,1,0,0,0
2016_10_9,22,1,0,0,0,0,0,0,0,0,0
2016_10_10,22,0,1,0,0,0,0,0,0,0,0
2016_10_11,22,0,0,0,0,0,0,0,0,0,0
2016_10_12,22,0,0,0,0,0,0,1,0,0,0
2016_10_13,22,0,2,0,0,0,0,0,0,0,0
2016_10_14,22,0,0,0,0,0,0,1,0,0,0
2016_10_15,22,0,0,0,0,0,0,0,0,0,0
2016_10_16,22,0,1,0,0,0,0,0,0,0,0
2016_10_17,22,0,0,0,0,0,0,0,0,0,0
2016_10_18,22,0,0,0,0,0,0,0,0,0,0
2016_10_19,22,0,2,0,0,0,0,0,0,0,0
2016_10_20,22,0,0,0,0,0,0,0,0,0,0
2016_10_21,22,0,1,0,0,0,0,0,0,0,0
2016_10_22,22,0,0,0,0,0,0,0,0,0,0
2016_10_23,22,0,0,0,0,0,0,0,0,0,0
2016_10_24,22,0,1,0,0,0,0,0,0,0,0
2016_10_25,22,0,0,0,0,0,0,0,0,0,0
2016_10_26,22,0,0,0,0,0,0,1,0,0,0
2016_10_27,22,0,1,0,0,0,0,0,0,0,0
2016_10_28,22,0,0,0,0,0,0,0,0,0,0
2016_10_29,22,0,0,0,0,0,0,0,0,0,0
2016_10_30,22,0,0,0,0,0,0,0,0,0,0
2016_11_1,23,0,0,1,0,0,0,1,0,0,0
2016_11_2,23,0,2,0,0,0,0,0,0,0,0
2016_11_3,23,1,0,0,0,0,0,0,0,0,0
2016_11_4,23,0,0,0,0,0,0,1,0,0,0
2016_11_5,23,0,1,0,0,0,0,0,0,0,0
2016_11_6,23,1,0,0,0,0,0,0,0,0,0
2016_11_7,23,0,0,0,0,0,0,0,0,0,0
2016_11_8,23,0,0,0,0,0,1,0,0,0,0
2016_11_9,23,0,0,1,0,0,0,1,0,0,0
2016_11_10,23,0,0,0,0,0,0,0,0,0,0
2016_11_11,23,0,2,0,0,0,0,0,0,0,0
2016_11_12,23,0,0,0,0,0,0,0,0,0,0
2016_11_13,23,0,0,0,0,0,0,0,0,0,0
2016_11_14,23,0,0,0,0,0,0,0,0,0,0
2016_11_15,23,0,1,0,0,0,0,1,0,0,0
2016_11_16,23,0,0,1,0,0,0,0,0,0,0
2016_11_17,23,0,0,0,0,0,0,0,0,0,0
2016_11_18,23,0,2,0,0,0,0,0,0,0,0
2016_11_19,23,0,0,0,0,0,0,0,0,0,0
2016_11_20,23,0,0,0,0,0,0,0,0,0,0
2016_11_21,23,0,0,0,0,0,0,0,0,0,0
2016_11_22,23,0,0,0,0,0,0,0,0,0,0
2016_11_23,23,0,0,0,0,0,0,0,0,0,0
2016_11_24,23,0,1,0,0,0,0,0,0,0,0
2016_11_25,23,0,0,0,0,0,0,0,0,0,0
2016_11_26,23,0,0,0,0,0,0,0,0,0,0
2016_11_27,23,0,0,0,0,0,0,0,0,0,0
2016_11_28,23,0,1,0,0,0,0,0,0,0,0
2016_11_29,23,0,0,0,0,0,0,0,0,0,0
2016_11_30,23,0,0,0,0,0,0,0,0,0,0
2016_12_1,24,0,0,0,0,0,0,0,0,0,0
2016_12_2,24,0,1,0,0,0,0,0,0,0,0
2016_12_3,24,0,0,1,0,0,0,0,0,0,0
2016_12_4,24,1,0,0,0,0,0,1,0,0,0
2016_12_5,24,0,2,0,0,0,0,0,0,0,0
2016_12_6,24,0,0,0,0,0,1,0,0,0,0
2016_12_7,24,0,0,0,0,0,0,0,0,0,0
2016_12_8,24,1,0,0,0,0,0,0,0,0,0
2016_12_9,24,0,1,0,0,0,0,0,0,0,0
2016_12_10,24,0,0,0,0,0,0,0,0,0,0
2016_12_11,24,0,0,0,0,0,0,1,0,0,0
2016_12_12,24,0,1,0,0,0,0,0,0,0,0
2016_12_13,24,0,0,0,0,0,0,0,0,0,0
2016_12_14,24,0,0,0,0,0,0,0,0,0,0
2016_12_15,24,0,1,0,0,0,0,0,0,0,0
2016_12_16,24,0,0,0,0,0,0,1,0,0,0
2016_12_17,24,0,1,0,0,0,0,0,0,0,0
2016_12_18,24,0,0,0,0,0,0,0,0,0,0
2016_12_19,24,0,0,0,0,0,0,0,0,0,0
2016_12_20,24,0,0,0,0,0,0,0,0,0,0
2016_12_21,24,0,0,0,0,0,0,1,0,0,0
2016_12_22,24,0,1,0,0,0,0,0,0,0,0
2016_12_23,24,0,0,0,0,0,0,0,0,0,0
2016_12_24,24,0,0,0,0,0,0,0,0,0,0
2016_12_25,24,0,1,0,0,0,0,0,0,0,0
2016_12_26,24,0,0,0,0,0,0,0,0,0,0
2016_12_27,24,0,0,0,0,0,0,0,0,0,0
2016_12_28,24,0,0,0,0,0,0,0,0,0,0
2016_12_29,24,0,0,0,0,0,0,0,0,0,0
2016_12_30,24,0,0,0,0,0,0,0,0,0,0
2018_1_1,25,0,0,0,0,0,0,0,0,0,0
2018_1_2,25,0,0,0,0,0,0,1,0,0,0
2018_1_3,25,0,0,0,0,0,0,0,0,0,0
2018_1_4,25,1,0,0,0,0,0,0,0,0,0
2018_1_5,25,1,0,0,0,0,0,0,0,0,0
2018_1_6,25,0,0,0,0,0,0,0,0,0,0
2018_1_7,25,0,0,0,0,0,0,0,0,0,0
2018_1_8,25,0,0,0,0,0,0,1,0,0,0
2018_1_9,25,1,0,0,0,0,0,0,0,0,0
2018_1_10,25,0,0,0,0,0,0,0,0,0,0
2018_1_11,25,0,0,0,0,0,0,0,0,0,0
2018_1_12,25,0,0,0,0,0,0,1,0,0,0
2018_1_13,25,0,0,0,0,0,0,0,0,0,0
2018_1_14,25,0,0,0,0,0,0,0,0,0,0
2018_1_15,25,0,0,0,0,0,0,0,0,0,0
2018_1_16,25,0,0,0,0,0,0,0,0,0,0
2018_1_17,25,0,0,0,0,0,0,0,0,0,0
2018_1_18,25,1,0,0,0,0,0,0,0,0,0
2018_1_19,25,0,0,0,0,0,0,0,0,0,0
2018_1_20,25,0,0,0,0,0,0,0,0,0,0
2018_1_21,25,0,0,0,0,0,0,0,0,0,0
2018_1_22,25,0,0,0,0,0,0,0,0,0,0
2018_1_23,25,0,0,0,0,0,0,0,0,0,0
2018_1_24,25,0,0,0,0,0,0,0,0,0,0
2018_1_25,25,0,0,0,0,0,0,0,0,0,0
2018_1_26,25,0,0,0,0,0,0,0,0,0,0
2018_1_27,25,0,0,0,0,0,0,0,0,0,0
2018_1_28,25,0,0,0,0,0,0,0,0,0,0
2018_1_29,25,0,0,0,0,0,0,0,0,0,0
2018_1_30,25,0,0,0,0,0,0,0,0,0,0
2018_2_1,26,2,0,0,0,0,0,0,0,0,0
2018_2_2,26,0,0,0,0,0,1,0,0,0,0
2018_2_3,26,0,1,0,0,0,0,0,0,0,0
2018_2_4,26,1,0,0,0,0,1,0,0,0,0
2018_2_5,26,0,0,0,1,0,0,0,0,0,0
2018_2_6,26,3,0,0,0,0,0,1,0,0,0
2018_2_7,26,0,1,0,0,0,0,0,0,0,0
2018_2_8,26,0,0,0,1,0,0,0,0,0,0
2018_2_9,26,0,1,0,0,0,0,3,0,0,0
2018_2_10,26,1,0,0,0,0,1,0,0,0,0
2018_2_11,26,0,0,0,0,0,0,0,0,0,0
2018_2_12,26,1,0,0,0,0,0,1,0,0,0
2018_2_13,26,0,0,0,0,0,0,0,0,0,0
2018_2_14,26,1,0,0,0,0,0,1,0,0,0
2018_2_15,26,0,0,0,1,0,0,0,0,0,0
2018_2_16,26,0,1,0,0,0,0,0,0,0,0
2018_2_17,26,0,0,0,0,0,1,0,0,0,0
2018_2_18,26,1,0,0,0,0,0,1,0,0,0
2018_2_19,26,0,0,0,0,0,0,0,0,0,0
2018_2_20,26,0,1,0,0,0,0,0,0,0,0
2018_2_21,26,1,0,0,0,0,0,1,0,0,0
2018_2_22,26,0,0,0,0,0,0,0,0,0,0
2018_2_23,26,0,0,0,0,0,0,0,0,0,0
2018_2_24,26,0,0,0,0,0,0,0,0,0,0
2018_2_25,26,0,0,0,1,0,0,1,0,0,0
2018_2_26,26,0,0,0,0,0,0,0,0,0,0
2018_2_27,26,0,0,0,0,0,0,0,0,0,0
2018_2_28,26,0,0,0,0,0,0,0,0,0,0
2018_2_29,26,0,0,0,0,0,0,0,0,0,0
2018_2_30,26,0,0,0,0,0,0,0,0,0,0
2018_3_1,27,0,0,0,1,0,0,0,0,0,0
2018_3_2,27,0,1,0,0,0,0,2,0,0,0
2018_3_3,27,2,0,0,0,0,0,0,0,1,0
2018_3_4,27,0,1,0,0,1,0,1,0,0,0
2018_3_5,27,3,0,0,0,0,1,0,0,1,0
2018_3_6,27,0,0,0,3,0,0,3,0,0,0
2018_3_7,27,1,0,0,0,1,0,0,0,0,1
2018_3_8,27,0,0,0,1,0,2,0,0,0,1
2018_3_9,27,1,0,0,0,0,0,1,0,0,0
2018_3_10,27,2,0,0,1,0,0,0,0,0,0
2018_3_11,27,0,0,0,0,0,0,0,0,0,0
2018_3_12,27,0,0,0,0,0,0,1,0,0,0
2018_3_13,27,1,0,0,0,0,0,0,0,0,0
2018_3_14,27,0,0,0,0,0,0,1,0,0,0
2018_3_15,27,1,0,0,0,0,0,0,0,0,0
2018_3_16,27,0,0,0,0,0,0,0,0,1,0
2018_3_17,27,1,0,0,0,0,1,0,0,0,0
2018_3_18,27,0,0,0,0,0,0,1,0,0,0
2018_3_19,27,0,0,0,1,0,0,0,0,0,0
2018_3_20,27,0,0,0,0,0,0,1,0,0,0
2018_3_21,27,0,0,0,0,0,0,0,0,0,0
2018_3_22,27,0,0,0,0,0,0,0,0,0,0
2018_3_23,27,1,0,0,0,0,0,0,0,0,0
2018_3_24,27,0,0,0,0,0,0,0,0,0,0
2018_3_25,27,0,0,0,0,0,0,1,0,0,0
2018_3_26,27,0,0,0,0,0,0,0,0,0,0
2018_3_27,27,0,0,0,0,0,0,0,0,0,0
2018_3_28,27,0,0,0,0,0,0,0,0,0,0
2018_3_29,27,0,0,0,0,0,0,1,0,0,0
2018_3_30,27,0,0,0,0,0,0,0,0,0,0
2018_4_1,28,1,0,0,0,0,2,0,0,0,0
2018_4_2,28,0,1,0,0,0,0,2,0,0,0
2018_4_3,28,0,0,0,1,0,2,0,0,2,1
2018_4_4,28,3,0,0,0,1,0,1,0,0,0
2018_4_5,28,0,0,0,0,0,0,2,0,0,0
2018_4_6,28,1,0,0,2,0,0,0,0,2,0
2018_4_7,28,0,1,0,0,0,1,1,0,0,0
2018_4_8,28,2,0,0,0,1,0,0,0,1,1
2018_4_9,28,0,0,0,2,0,0,1,0,0,0
2018_4_10,28,1,0,0,0,0,0,2,0,0,0
2018_4_11,28,0,0,0,0,0,1,0,0,1,0
2018_4_12,28,1,0,0,0,0,0,1,0,0,0
2018_4_13,28,0,0,0,1,0,0,1,0,0,1
2018_4_14,28,0,0,0,0,1,0,0,0,0,0
2018_4_15,28,0,0,0,0,0,2,0,0,3,0
2018_4_16,28,2,0,0,0,0,0,2,0,0,0
2018_4_17,28,0,0,0,0,0,1,0,0,0,0
2018_4_18,28,0,0,0,0,1,0,0,0,1,0
2018_4_19,28,0,0,0,1,0,0,1,0,0,0
2018_4_20,28,2,0,0,0,0,0,0,0,0,0
2018_4_21,28,0,0,0,0,0,0,0,0,0,0
2018_4_22,28,0,0,0,0,0,0,0,0,0,0
2018_4_23,28,0,0,0,0,0,1,0,0,0,0
2018_4_24,28,1,0,0,0,0,0,0,0,0,0
2018_4_25,28,0,0,0,0,0,0,0,0,1,0
2018_4_26,28,1,0,0,0,0,0,0,0,0,0
2018_4_27,28,0,0,0,0,0,0,1,0,0,0
2018_4_28,28,0,0,0,1,0,0,0,0,0,0
2018_4_29,28,0,0,0,0,0,0,0,0,1,1
2018_4_30,28,0,0,0,0,0,0,0,0,0,0
2018_5_1,29,0,0,0,0,0,0,0,0,0,0
2018_5_2,29,0,0,0,0,0,0,0,0,0,0
2018_5_3,29,0,0,0,0,0,0,0,0,0,0
2018_5_4,29,0,0,0,0,0,0,0,0,0,0
2018_5_5,29,0,0,0,0,0,0,0,0,0,0
2018_5_6,29,0,0,0,0,0,0,0,0,0,0
2018_5_7,29,0,0,0,0,0,0,0,0,0,0
2018_5_8,29,0,0,0,0,0,0,0,0,0,0
2018_5_9,29,0,0,0,0,0,0,0,0,0,0
2018_5_10,29,0,0,0,0,0,0,0,0,0,0
2018_5_11,29,0,0,0,0,0,0,0,0,0,0
2018_5_12,29,0,0,0,0,0,0,0,0,0,0
2018_5_13,29,0,0,0,0,0,0,0,0,0,0
2018_5_14,29,0,0,0,0,0,0,0,0,0,0
2018_5_15,29,0,0,0,0,0,0,0,0,0,0
2018_5_16,29,0,0,0,0,0,0,0,0,0,0
2018_5_17,29,0,0,0,0,0,0,0,0,0,0
2018_5_18,29,0,0,0,0,0,0,0,0,0,0
2018_5_19,29,0,0,0,0,0,0,0,0,0,0
2018_5_20,29,0,0,0,0,0,0,0,0,0,0
2018_5_21,29,0,0,0,0,0,0,0,0,0,0
2018_5_22,29,0,0,0,0,0,0,0,0,0,0
2018_5_23,29,0,0,0,0,0,0,0,0,0,0
2018_5_24,29,0,0,0,0,0,0,0,0,0,0
2018_5_25,29,0,0,0,0,0,0,0,0,0,0
2018_5_26,29,0,0,0,0,0,0,0,0,0,0
2018_5_27,29,0,0,0,0,0,0,0,0,0,0
2018_5_28,29,0,0,0,0,0,0,0,0,0,0
2018_5_29,29,0,0,0,0,0,0,0,0,0,0
2018_5_30,29,0,0,0,0,0,0,0,0,0,0
2018_6_1,30,2,0,0,0,0,2,0,0,1,0
2018_6_2,30,0,1,0,0,1,0,2,0,0,0
2018_6_3,30,1,0,0,0,0,1,2,0,0,0
2018_6_4,30,0,2,0,0,1,0,0,0,1,0
2018_6_5,30,1,0,0,1,0,0,1,0,0,0
2018_6_6,30,0,1,0,0,0,1,0,0,1,0
2018_6_7,30,0,1,0,1,0,1,0,0,1,0
2018_6_8,30,1,0,0,0,0,0,1,0,0,1
2018_6_9,30,0,0,0,2,0,1,0,0,0,1
2018_6_10,30,0,0,0,0,1,0,2,0,2,0
2018_6_11,30,0,0,0,0,1,0,0,0,0,0
2018_6_12,30,1,0,0,1,0,1,0,0,1,0
2018_6_13,30,0,0,0,0,0,0,1,0,0,0
2018_6_14,30,1,1,0,0,0,0,0,0,1,0
2018_6_15,30,0,0,0,0,0,1,0,0,0,1
2018_6_16,30,0,1,0,0,0,0,0,0,0,0
2018_6_17,30,1,0,0,0,0,0,0,0,0,0
2018_6_18,30,1,0,0,0,1,0,1,0,0,0
2018_6_19,30,1,0,0,0,0,0,0,0,1,0
2018_6_20,30,0,0,0,0,0,0,1,0,0,0
2018_6_21,30,0,0,0,0,0,0,0,0,0,0
2018_6_22,30,0,0,0,0,0,0,0,0,0,0
2018_6_23,30,1,0,0,0,0,0,0,0,0,0
2018_6_24,30,0,0,0,0,0,0,1,0,0,0
2018_6_25,30,0,0,0,0,0,0,0,0,0,0
2018_6_26,30,1,0,0,0,0,1,0,0,1,0
2018_6_27,30,0,0,0,0,0,0,1,0,0,0
2018_6_28,30,0,0,0,0,0,0,0,0,0,0
2018_6_29,30,0,0,0,0,0,0,0,0,0,0
2018_6_30,30,0,0,0,0,0,0,0,0,0,0
2018_7_1,31,3,0,0,0,1,0,0,0,1,0
2018_7_2,31,0,0,0,1,0,1,0,0,0,0
2018_7_3,31,0,1,0,0,1,0,1,0,0,0
2018_7_4,31,1,0,0,1,0,2,0,0,1,0
2018_7_5,31,0,1,0,0,0,0,2,0,0,0
2018_7_6,31,0,0,0,0,1,0,0,0,1,0
2018_7_7,31,1,0,0,1,0,1,0,0,0,1
2018_7_8,31,0,2,0,0,0,0,1,0,0,1
2018_7_9,31,0,0,0,0,0,0,3,0,0,0
2018_7_10,31,0,0,0,1,0,0,0,0,0,0
2018_7_11,31,0,1,0,0,0,0,0,0,1,0
2018_7_12,31,1,0,0,0,0,0,0,0,0,0
2018_7_13,31,0,0,0,1,0,0,1,0,0,0
2018_7_14,31,0,1,0,0,0,0,0,0,0,0
2018_7_15,31,0,1,0,0,0,0,0,0,0,0
2018_7_16,31,0,0,0,0,0,1,0,0,0,0
2018_7_17,31,1,0,0,0,0,0,1,0,0,0
2018_7_18,31,2,0,0,0,1,0,0,0,1,0
2018_7_19,31,0,0,0,0,0,0,0,0,0,0
2018_7_20,31,0,1,0,0,0,0,0,0,1,0
2018_7_21,31,0,0,0,0,0,0,0,0,0,0
2018_7_22,31,0,0,0,0,0,0,1,0,0,0
2018_7_23,31,0,0,0,0,0,0,0,0,0,0
2018_7_24,31,0,1,0,0,0,0,0,0,1,0
2018_7_25,31,0,0,0,0,0,0,0,0,0,0
2018_7_26,31,0,0,0,0,0,0,0,0,0,0
2018_7_27,31,0,1,0,0,0,0,0,0,0,0
2018_7_28,31,0,0,0,0,0,0,0,0,0,0
2018_7_29,31,0,0,0,0,0,0,0,0,0,0
2018_7_30,31,0,0,0,0,0,0,0,0,0,0
2018_8_1,32,0,0,0,0,0,1,0,0,0,1
2018_8_2,32,1,0,0,0,0,0,1,0,0,0
2018_8_3,32,0,1,0,0,0,0,2,0,0,0
2018_8_4,32,1,0,0,0,0,1,0,0,1,0
2018_8_5,32,0,1,0,0,0,0,0,0,0,1
2018_8_6,32,2,0,0,0,0,0,1,0,0,0
2018_8_7,32,0,2,0,0,0,2,0,0,1,0
2018_8_8,32,0,0,0,0,0,0,1,0,0,0
2018_8_9,32,0,0,0,1,0,1,1,0,0,0
2018_8_10,32,0,0,0,1,0,0,0,0,0,0
2018_8_11,32,0,1,0,0,0,1,0,0,0,0
2018_8_12,32,1,0,0,0,0,0,1,0,0,0
2018_8_13,32,1,0,0,0,0,0,0,0,0,0
2018_8_14,32,0,1,0,0,0,0,1,0,0,0
2018_8_15,32,0,0,0,0,0,0,0,0,1,0
2018_8_16,32,1,0,0,0,0,0,0,0,1,0
2018_8_17,32,0,2,0,0,0,1,0,0,0,0
2018_8_18,32,0,0,0,1,0,0,0,0,0,0
2018_8_19,32,1,0,0,0,0,0,1,0,0,0
2018_8_20,32,0,0,0,1,0,0,0,0,0,0
2018_8_21,32,0,0,0,0,0,0,0,0,0,0
2018_8_22,32,0,0,0,0,0,0,0,0,0,0
2018_8_23,32,0,0,0,0,0,0,0,0,0,0
2018_8_24,32,1,0,0,0,0,0,0,0,0,0
2018_8_25,32,0,0,0,0,0,0,1,0,0,0
2018_8_26,32,0,1,0,0,0,0,0,0,0,0
2018_8_27,32,0,0,0,0,0,0,0,0,0,0
2018_8_28,32,0,1,0,0,0,0,0,0,0,0
2018_8_29,32,0,0,0,0,0,0,0,0,0,0
2018_8_30,32,0,0,0,0,0,0,0,0,0,0
2018_9_1,33,0,3,0,0,0,1,0,0,0,0
2018_9_2,33,0,0,0,1,0,0,1,0,0,0
2018_9_3,33,1,0,0,0,0,1,0,0,1,0
2018_9_4,33,0,3,0,0,0,0,1,0,0,0
2018_9_5,33,1,0,0,1,0,0,1,0,0,1
2018_9_6,33,0,1,0,0,0,2,0,0,0,0
2018_9_7,33,1,0,0,1,0,0,0,0,1,0
2018_9_8,33,0,0,0,0,0,0,1,0,0,0
2018_9_9,33,0,1,0,0,0,0,0,0,1,0
2018_9_10,33,0,0,0,0,0,0,1,0,0,0
2018_9_11,33,0,0,0,0,0,0,0,0,0,0
2018_9_12,33,0,0,0,1,0,0,0,0,0,1
2018_9_13,33,1,0,0,0,0,0,1,0,0,0
2018_9_14,33,0,1,0,0,0,0,0,0,1,0
2018_9_15,33,0,0,0,0,0,0,0,0,0,0
2018_9_16,33,0,1,0,0,0,0,0,0,0,0
2018_9_17,33,1,0,0,0,0,0,1,0,0,0
2018_9_18,33,0,0,0,1,0,0,0,0,0,0
2018_9_19,33,0,0,0,0,0,0,0,0,0,0
2018_9_20,33,0,0,0,0,0,0,0,0,0,0
2018_9_21,33,0,1,0,0,0,1,0,0,0,0
2018_9_22,33,0,0,0,0,0,0,0,0,0,0
2018_9_23,33,1,0,0,0,0,0,0,0,0,0
2018_9_24,33,0,1,0,0,0,0,0,0,0,0
2018_9_25,33,0,0,0,0,0,0,0,0,0,0
2018_9_26,33,0,0,0,0,0,0,0,0,0,0
2018_9_27,33,0,0,0,0,0,0,0,0,0,0
2018_9_28,33,0,1,0,0,0,0,0,0,0,0
2018_9_29,33,0,0,0,0,0,1,0,0,0,0
2018_9_30,33,0,0,0,0,0,0,0,0,0,0
2018_10_1,34,1,0,0,0,0,0,1,0,0,0
2018_10_2,34,0,1,0,0,0,0,1,0,0,0
2018_10_3,34,0,0,0,0,0,0,0,0,0,0
2018_10_4,34,1,0,0,1,0,0,0,0,0,0
2018_10_5,34,0,0,0,0,0,1,0,0,0,0
2018_10_6,34,0,1,0,0,0,0,0,0,1,0
2018_10_7,34,0,2,0,0,0,0,1,0,0,0
2018_10_8,34,1,0,0,0,0,0,0,0,0,0
2018_10_9,34,0,0,0,0,0,0,1,0,0,0
2018_10_10,34,0,1,0,0,0,0,0,0,0,0
2018_10_11,34,1,0,0,0,0,0,0,0,0,0
2018_10_12,34,0,0,0,1,0,0,0,0,0,0
2018_10_13,34,1,0,0,0,0,0,1,0,0,0
2018_10_14,34,0,1,0,0,0,0,0,0,0,0
2018_10_15,34,0,1,0,0,0,0,0,0,0,0
2018_10_16,34,1,0,0,0,0,0,1,0,0,0
2018_10_17,34,0,0,0,0,0,0,0,0,0,0
2018_10_18,34,0,1,0,0,0,1,0,0,0,0
2018_10_19,34,0,0,0,0,0,1,0,0,0,0
2018_10_20,34,0,0,0,0,0,0,0,0,0,0
2018_10_21,34,0,0,0,0,0,0,0,0,0,0
2018_10_22,34,0,0,0,0,0,0,0,0,0,0
2018_10_23,34,0,0,0,0,0,0,0,0,0,0
2018_10_24,34,0,1,0,0,0,0,0,0,0,0
2018_10_25,34,0,0,0,0,0,0,0,0,0,0
2018_10_26,34,0,0,0,0,0,0,0,0,0,0
2018_10_27,34,0,0,0,0,0,0,1,0,0,0
2018_10_28,34,0,0,0,0,0,0,0,0,0,0
2018_10_29,34,0,0,0,0,0,0,0,0,0,0
2018_10_30,34,0,0,0,0,0,0,0,0,0,0
2018_11_1,35,0,0,0,0,0,0,1,0,0,0
2018_11_2,35,0,1,0,0,0,0,1,0,0,0
2018_11_3,35,0,1,0,0,0,0,0,0,1,0
2018_11_4,35,0,0,0,0,0,1,0,0,0,0
2018_11_5,35,1,0,0,1,0,0,0,0,0,0
2018_11_6,35,0,0,0,0,0,0,0,0,0,0
2018_11_7,35,1,0,0,0,0,0,0,0,0,0
2018_11_8,35,0,0,0,0,0,1,0,0,0,0
2018_11_9,35,0,0,0,0,0,0,1,0,0,0
2018_11_10,35,1,0,0,0,0,0,0,0,0,0
2018_11_11,35,0,0,0,0,0,0,0,0,0,0
2018_11_12,35,0,0,0,0,0,0,1,0,0,0
2018_11_13,35,0,0,0,0,0,0,0,0,0,0
2018_11_14,35,0,1,0,0,0,0,0,0,0,0
2018_11_15,35,0,0,0,0,0,0,0,0,0,0
2018_11_16,35,0,0,0,0,0,0,0,0,0,0
2018_11_17,35,0,1,0,0,0,0,0,0,0,0
2018_11_18,35,0,0,0,0,0,0,0,0,0,0
2018_11_19,35,0,0,0,1,0,0,0,0,0,0
2018_11_20,35,0,0,0,0,0,0,0,0,0,0
2018_11_21,35,0,0,0,0,0,1,0,0,0,0
2018_11_22,35,0,0,0,0,0,0,0,0,0,0
2018_11_23,35,0,1,0,0,0,0,1,0,0,0
2018_11_24,35,0,0,0,0,0,0,0,0,0,0
2018_11_25,35,0,0,0,0,0,0,0,0,0,0
2018_11_26,35,0,0,0,0,0,0,0,0,0,0
2018_11_27,35,0,0,0,0,0,0,0,0,0,0
2018_11_28,35,0,0,0,0,0,0,0,0,0,0
2018_11_29,35,0,0,0,0,0,0,0,0,0,0
2018_11_30,35,0,0,0,0,0,0,0,0,0,0
2018_12_1,36,0,0,0,0,0,0,0,0,0,0
2018_12_2,36,0,0,0,0,0,0,0,0,0,0
2018_12_3,36,0,0,0,0,0,0,0,0,0,0
2018_12_4,36,0,0,0,0,0,0,0,0,0,0
2018_12_5,36,0,0,0,0,0,0,0,0,0,0
2018_12_6,36,0,0,0,0,0,0,0,0,0,0
2018_12_7,36,0,0,0,0,0,0,0,0,0,0
2018_12_8,36,0,0,0,0,0,0,0,0,0,0
2018_12_9,36,0,0,0,0,0,0,0,0,0,0
2018_12_10,36,0,0,0,0,0,0,0,0,0,0
2018_12_11,36,0,0,0,0,0,0,0,0,0,0
2018_12_12,36,0,0,0,0,0,0,0,0,0,0
2018_12_13,36,0,0,0,0,0,0,0,0,0,0
2018_12_14,36,0,0,0,0,0,0,0,0,0,0
2018_12_15,36,0,0,0,0,0,0,0,0,0,0
2018_12_16,36,0,0,0,0,0,0,0,0,0,0
2018_12_17,36,0,0,0,0,0,0,0,0,0,0
2018_12_18,36,0,0,0,0,0,0,0,0,0,0
2018_12_19,36,0,0,0,0,0,0,0,0,0,0
2018_12_20,36,0,0,0,0,0,0,0,0,0,0
2018_12_21,36,0,0,0,0,0,0,0,0,0,0
2018_12_22,36,0,0,0,0,0,0,0,0,0,0
2018_12_23,36,0,0,0,0,0,0,0,0,0,0
2018_12_24,36,0,0,0,0,0,0,0,0,0,0
2018_12_25,36,0,0,0,0,0,0,0,0,0,0
2018_12_26,36,0,0,0,0,0,0,0,0,0,0
2018_12_27,36,0,0,0,0,0,0,0,0,0,0
2018_12_28,36,0,0,0,0,0,0,0,0,0,0
2018_12_29,36,0,0,0,0,0,0,0,0,0,0
2018_12_30,36,0,0,0,0,0,0,0,0,0,0
2019_1_1,37,0,0,0,0,0,0,0,0,0,0
2019_1_2,37,1,0,0,0,0,1,0,0,0,0
2019_1_3,37,0,1,0,0,0,0,1,0,0,0
2019_1_4,37,1,0,0,0,0,0,1,0,0,0
2019_1_5,37,0,0,0,0,0,0,0,0,0,0
2019_1_6,37,0,1,0,0,0,1,0,0,0,0
2019_1_7,37,1,0,0,0,0,0,0,0,0,0
2019_1_8,37,0,0,0,0,0,0,0,0,0,0
2019_1_9,37,0,0,0,0,0,0,1,0,0,0
2019_1_10,37,0,1,0,0,0,0,0,0,0,0
2019_1_11,37,0,0,0,0,0,0,0,0,0,0
2019_1_12,37,0,0,0,0,0,0,1,0,0,0
2019_1_13,37,1,0,0,0,0,0,0,0,0,0
2019_1_14,37,0,0,0,0,0,0,0,0,0,0
2019_1_15,37,0,1,0,0,0,0,0,0,0,0
2019_1_16,37,0,0,0,0,0,0,0,0,0,0
2019_1_17,37,0,0,0,0,0,0,0,0,0,0
2019_1_18,37,1,0,0,0,0,0,1,0,0,0
2019_1_19,37,0,0,0,0,0,0,0,0,0,0
2019_1_20,37,0,1,0,0,0,0,0,0,0,0
2019_1_21,37,0,0,0,0,0,0,0,0,0,0
2019_1_22,37,0,0,0,0,0,0,0,0,0,0
2019_1_23,37,0,0,0,0,0,0,0,0,0,0
2019_1_24,37,0,0,0,0,0,0,0,0,0,0
2019_1_25,37,0,0,0,0,0,0,0,0,0,0
2019_1_26,37,0,0,0,0,0,0,1,0,0,0
2019_1_27,37,0,0,0,0,0,0,0,0,0,0
2019_1_28,37,0,0,0,0,0,0,0,0,0,0
2019_1_29,37,0,0,0,0,0,0,0,0,0,0
2019_1_30,37,0,0,0,0,0,0,0,0,0,0
2019_2_1,38,0,1,0,0,0,1,0,0,0,0
2019_2_2,38,1,0,0,0,1,0,1,0,0,0
2019_2_3,38,0,1,0,0,0,0,1,0,0,0
2019_2_4,38,1,0,0,1,0,1,0,0,0,0
2019_2_5,38,0,0,0,0,1,0,1,0,0,0
2019_2_6,38,0,1,0,0,0,0,0,0,0,0
2019_2_7,38,2,0,0,0,0,1,0,0,0,0
2019_2_8,38,0,0,0,1,0,0,1,0,0,0
2019_2_9,38,0,0,0,0,0,0,0,0,0,0
2019_2_10,38,0,1,0,0,0,0,0,0,0,0
2019_2_11,38,0,0,0,0,0,1,1,0,0,0
2019_2_12,38,1,0,0,0,1,0,0,0,0,0
2019_2_13,38,0,1,0,0,0,0,0,0,0,0
2019_2_14,38,0,0,0,0,0,0,1,0,0,0
2019_2_15,38,1,0,0,1,0,0,0,0,0,0
2019_2_16,38,0,0,0,0,0,0,1,0,0,0
2019_2_17,38,2,0,0,0,0,0,0,0,0,0
2019_2_18,38,0,1,0,0,0,0,0,0,0,0
2019_2_19,38,0,0,0,0,1,0,0,0,0,0
2019_2_20,38,0,1,0,0,0,1,1,0,0,0
2019_2_21,38,0,0,0,0,0,0,0,0,0,0
2019_2_22,38,1,0,0,0,0,0,0,0,0,0
2019_2_23,38,0,0,0,0,0,0,0,0,0,0
2019_2_24,38,0,0,0,1,0,0,0,0,0,0
2019_2_25,38,0,0,0,0,0,0,0,0,0,0
2019_2_26,38,0,0,0,0,0,0,1,0,0,0
2019_2_27,38,0,1,0,0,0,0,0,0,0,0
2019_2_28,38,0,0,0,0,0,0,1,0,0,0
2019_2_29,38,0,0,0,0,0,1,0,0,0,0
2019_2_30,38,0,0,0,0,0,0,0,0,0,0
2019_3_1,39,0,0,0,1,0,0,2,0,0,0
2019_3_2,39,2,1,0,0,1,0,1,0,0,0
2019_3_3,39,0,0,0,0,0,1,0,0,1,1
2019_3_4,39,1,0,0,1,0,1,0,0,1,0
2019_3_5,39,0,1,0,0,1,0,2,0,0,0
2019_3_6,39,1,0,0,0,0,2,0,0,0,0
2019_3_7,39,1,0,0,0,1,0,1,0,1,1
2019_3_8,39,0,0,0,0,0,0,1,0,0,0
2019_3_9,39,3,1,0,0,0,1,0,0,0,0
2019_3_10,39,0,0,0,0,0,0,0,0,1,0
2019_3_11,39,0,0,0,1,0,0,1,0,0,1
2019_3_12,39,1,0,0,0,0,0,0,0,0,0
2019_3_13,39,0,1,0,0,1,1,0,0,0,0
2019_3_14,39,0,0,0,0,0,0,2,0,0,0
2019_3_15,39,0,0,0,1,0,0,0,0,0,1
2019_3_16,39,1,0,0,0,0,1,0,0,0,0
2019_3_17,39,0,0,0,1,0,0,0,0,0,0
2019_3_18,39,0,1,0,0,0,0,1,0,0,0
2019_3_19,39,1,0,0,0,1,0,0,0,0,0
2019_3_20,39,0,1,0,0,0,1,0,0,0,0
2019_3_21,39,0,0,0,0,0,0,0,0,0,0
2019_3_22,39,1,0,0,0,0,0,1,0,0,0
2019_3_23,39,0,0,0,0,0,0,0,0,0,0
2019_3_24,39,0,0,0,0,0,0,0,0,0,0
2019_3_25,39,0,0,0,0,0,0,1,0,0,0
2019_3_26,39,0,1,0,1,0,0,0,0,0,0
2019_3_27,39,1,0,0,0,0,0,0,0,0,0
2019_3_28,39,1,0,0,0,0,0,0,0,0,0
2019_3_29,39,0,0,0,1,0,0,0,0,0,0
2019_3_30,39,0,0,0,0,0,0,0,0,0,0
2019_4_1,40,0,0,0,1,0,1,0,0,1,0
2019_4_2,40,3,0,0,0,1,0,2,0,0,0
2019_4_3,40,0,1,0,0,0,1,0,0,2,0
2019_4_4,40,2,0,0,0,1,1,2,0,0,1
2019_4_5,40,0,1,0,0,0,0,0,0,0,1
2019_4_6,40,1,0,0,1,0,1,1,0,1,0
2019_4_7,40,0,1,0,0,1,0,1,0,0,0
2019_4_8,40,0,0,0,2,0,1,0,0,1,0
2019_4_9,40,0,0,0,0,0,0,1,0,0,0
2019_4_10,40,1,0,0,1,0,1,0,0,0,1
2019_4_11,40,0,1,0,0,0,0,0,0,1,0
2019_4_12,40,0,0,0,0,1,0,2,0,1,0
2019_4_13,40,1,0,0,0,0,1,0,0,0,0
2019_4_14,40,0,0,0,1,0,1,1,0,0,0
2019_4_15,40,0,0,0,0,1,0,0,0,1,0
2019_4_16,40,0,0,0,0,0,0,1,0,0,0
2019_4_17,40,2,1,0,0,0,0,1,0,0,0
2019_4_18,40,0,0,0,1,0,1,0,0,2,0
2019_4_19,40,0,0,0,0,0,0,1,0,0,1
2019_4_20,40,1,0,0,2,0,0,0,0,0,0
2019_4_21,40,0,0,0,0,0,0,0,0,0,0
2019_4_22,40,0,1,0,0,0,0,0,0,0,1
2019_4_23,40,1,0,0,0,0,1,1,0,0,0
2019_4_24,40,0,0,0,0,0,0,0,0,0,0
2019_4_25,40,0,0,0,0,0,0,1,0,0,0
2019_4_26,40,0,0,0,1,0,1,0,0,1,0
2019_4_27,40,2,0,0,0,0,0,0,0,0,0
2019_4_28,40,0,0,0,0,0,0,0,0,0,0
2019_4_29,40,1,0,0,0,0,1,0,0,0,0
2019_4_30,40,0,0,0,0,0,0,0,0,0,0
2019_5_1,41,0,1,0,0,0,1,0,0,0,0
2019_5_2,41,2,2,0,0,0,0,2,0,3,0
2019_5_3,41,1,0,0,1,0,2,1,0,2,0
2019_5_4,41,0,0,0,1,0,2,0,0,0,1
2019_5_5,41,0,1,0,0,0,0,3,0,0,0
2019_5_6,41,2,1,0,1,0,0,0,0,1,0
2019_5_7,41,0,0,0,0,0,0,1,0,0,1
2019_5_8,41,0,2,0,0,1,1,0,0,0,0
2019_5_9,41,0,0,0,0,1,0,0,0,1,0
2019_5_10,41,1,0,0,1,0,0,1,0,0,0
2019_5_11,41,0,1,0,0,0,1,0,0,1,0
2019_5_12,41,0,0,0,1,0,1,1,0,0,0
2019_5_13,41,1,0,0,0,0,0,1,0,0,0
2019_5_14,41,0,1,0,0,0,0,0,0,0,0
2019_5_15,41,0,0,0,1,0,0,1,0,0,1
2019_5_16,41,1,0,0,0,0,1,0,0,0,0
2019_5_17,41,0,0,0,1,0,0,0,0,1,0
2019_5_18,41,0,1,0,0,1,0,1,0,0,0
2019_5_19,41,2,0,0,0,0,1,0,0,0,0
2019_5_20,41,1,0,0,0,0,0,0,0,0,0
2019_5_21,41,0,0,0,1,0,0,1,0,1,0
2019_5_22,41,0,0,0,0,0,1,0,0,0,0
2019_5_23,41,0,1,0,0,0,0,0,0,0,0
2019_5_24,41,0,0,0,0,1,0,1,0,0,0
2019_5_25,41,0,0,0,0,0,0,0,0,0,1
2019_5_26,41,0,0,0,1,0,0,1,0,0,0
2019_5_27,41,1,0,0,0,0,0,0,0,0,0
2019_5_28,41,0,0,0,0,0,0,0,0,0,0
2019_5_29,41,0,1,0,0,0,1,0,0,0,0
2019_5_30,41,0,0,0,0,0,0,0,0,0,0
2019_6_1,42,0,0,0,0,1,0,0,0,1,0
2019_6_2,42,0,1,0,0,1,0,2,0,0,0
2019_6_3,42,2,0,0,0,0,1,0,0,0,1
2019_6_4,42,0,0,0,1,0,0,2,0,0,0
2019_6_5,42,0,3,0,0,2,0,0,0,0,1
2019_6_6,42,1,0,0,0,0,1,0,0,1,0
2019_6_7,42,0,1,0,2,0,1,0,0,0,0
2019_6_8,42,0,1,0,0,0,0,1,0,0,1
2019_6_9,42,1,0,0,0,1,0,1,0,0,0
2019_6_10,42,0,0,0,0,0,0,0,0,0,0
2019_6_11,42,0,2,0,1,0,3,0,0,1,0
2019_6_12,42,0,0,0,0,0,0,3,0,0,0
2019_6_13,42,1,0,0,0,0,0,0,0,0,0
2019_6_14,42,0,1,0,0,0,0,0,0,0,0
2019_6_15,42,0,1,0,0,0,0,1,0,0,0
2019_6_16,42,0,0,0,0,1,0,0,0,1,0
2019_6_17,42,1,0,0,1,0,0,1,0,0,0
2019_6_18,42,0,3,0,0,0,1,0,0,0,0
2019_6_19,42,0,0,0,0,0,0,0,0,0,0
2019_6_20,42,1,0,0,0,0,0,0,0,1,0
2019_6_21,42,0,1,0,0,0,0,0,0,1,0
2019_6_22,42,0,0,0,0,0,0,1,0,0,0
2019_6_23,42,0,0,0,0,0,0,0,0,0,0
2019_6_24,42,0,1,0,0,0,1,0,0,1,0
2019_6_25,42,0,0,0,0,0,0,0,0,0,0
2019_6_26,42,1,0,0,0,0,0,0,0,0,0
2019_6_27,42,0,0,0,0,0,0,1,0,0,0
2019_6_28,42,0,0,0,0,0,1,0,0,0,0
2019_6_29,42,1,0,0,0,0,0,0,0,1,0
2019_6_30,42,0,0,0,0,0,0,0,0,0,0
2019_7_1,43,0,1,0,0,0,1,0,0,1,0
2019_7_2,43,2,0,0,1,1,0,1,0,0,1
2019_7_3,43,1,0,0,0,0,1,1,0,0,0
2019_7_4,43,0,2,0,0,1,0,0,0,1,0
2019_7_5,43,1,1,0,0,0,2,0,0,0,0
2019_7_6,43,0,0,0,1,0,0,3,0,1,0
2019_7_7,43,0,1,0,0,0,1,0,0,0,0
2019_7_8,43,0,0,0,0,0,1,0,0,0,0
2019_7_9,43,1,0,0,0,0,0,1,0,0,0
2019_7_10,43,0,0,0,0,0,0,0,0,0,1
2019_7_11,43,0,1,0,1,0,0,1,0,0,0
2019_7_12,43,2,0,0,0,0,1,0,0,0,0
2019_7_13,43,0,0,0,0,0,0,0,0,1,0
2019_7_14,43,0,1,0,0,0,0,1,0,0,0
2019_7_15,43,0,0,0,0,1,0,0,0,0,0
2019_7_16,43,0,1,0,0,0,1,0,0,0,0
2019_7_17,43,0,0,0,0,0,0,0,0,0,0
2019_7_18,43,1,0,0,0,0,0,0,0,1,0
2019_7_19,43,0,0,0,0,0,1,0,0,0,0
2019_7_20,43,0,0,0,0,1,0,1,0,0,0
2019_7_21,43,0,1,0,0,0,0,0,0,1,0
2019_7_22,43,0,0,0,0,0,0,0,0,0,0
2019_7_23,43,1,0,0,0,0,0,1,0,0,0
2019_7_24,43,0,0,0,0,0,0,0,0,0,0
2019_7_25,43,0,1,0,0,0,0,0,0,0,0
2019_7_26,43,0,0,0,0,0,0,0,0,0,1
2019_7_27,43,0,0,0,0,0,0,0,0,0,0
2019_7_28,43,0,1,0,0,0,0,0,0,0,0
2019_7_29,43,0,0,0,0,0,0,0,0,0,0
2019_7_30,43,0,0,0,0,0,0,0,0,0,0
2019_8_1,44,0,1,0,0,0,0,0,0,1,0
2019_8_2,44,1,0,0,1,0,0,1,0,0,0
2019_8_3,44,0,1,0,0,0,1,2,0,0,0
2019_8_4,44,1,0,0,0,0,1,0,0,1,0
2019_8_5,44,0,2,0,0,0,0,0,0,1,1
2019_8_6,44,1,0,0,1,0,0,1,0,0,0
2019_8_7,44,0,0,0,0,0,0,0,0,0,0
2019_8_8,44,0,0,0,1,0,2,0,0,1,0
2019_8_9,44,1,0,0,0,0,0,0,0,0,0
2019_8_10,44,0,0,0,0,0,0,1,0,0,1
2019_8_11,44,0,1,0,0,0,0,0,0,0,0
2019_8_12,44,0,0,0,0,0,1,0,0,0,0
2019_8_13,44,0,0,0,1,0,0,0,0,1,0
2019_8_14,44,0,1,0,0,0,0,1,0,0,0
2019_8_15,44,0,0,0,0,0,0,0,0,0,0
2019_8_16,44,1,0,0,0,0,0,0,0,0,0
2019_8_17,44,0,0,0,0,0,0,1,0,0,0
2019_8_18,44,0,0,0,1,0,0,0,0,0,1
2019_8_19,44,0,2,0,0,0,0,0,0,0,0
2019_8_20,44,1,0,0,0,0,0,0,0,0,0
2019_8_21,44,0,0,0,0,0,1,0,0,1,0
2019_8_22,44,0,0,0,0,0,0,0,0,0,0
2019_8_23,44,0,1,0,0,0,0,0,0,0,0
2019_8_24,44,0,0,0,0,0,0,2,0,0,0
2019_8_25,44,0,0,0,0,0,0,0,0,0,0
2019_8_26,44,0,0,0,0,0,0,0,0,0,0
2019_8_27,44,0,0,0,0,0,0,0,0,0,0
2019_8_28,44,0,0,0,0,0,0,0,0,0,0
2019_8_29,44,0,0,0,0,0,0,0,0,0,0
2019_8_30,44,0,0,0,0,0,0,0,0,0,0
2019_9_1,45,1,0,0,0,0,1,0,0,0,0
2019_9_2,45,0,1,0,0,0,0,2,0,0,0
2019_9_3,45,0,1,0,0,0,1,0,0,1,0
2019_9_4,45,1,0,0,1,0,0,0,0,0,0
2019_9_5,45,2,0,0,0,0,0,2,0,0,0
2019_9_6,45,0,1,0,0,0,1,0,0,0,0
2019_9_7,45,1,0,0,0,0,0,0,0,0,0
2019_9_8,45,0,0,0,1,0,0,0,0,1,0
2019_9_9,45,0,1,0,0,0,1,0,0,0,0
2019_9_10,45,0,0,0,0,0,0,1,0,0,0
2019_9_11,45,1,0,0,0,0,0,0,0,0,1
2019_9_12,45,0,0,0,0,0,0,0,0,0,1
2019_9_13,45,0,1,0,0,0,0,1,0,0,0
2019_9_14,45,0,0,0,0,0,1,0,0,0,0
2019_9_15,45,0,0,0,1,0,0,0,0,0,0
2019_9_16,45,0,1,0,0,0,0,0,0,0,0
2019_9_17,45,1,0,0,0,0,0,1,0,0,0
2019_9_18,45,0,0,0,0,0,1,0,0,0,0
2019_9_19,45,0,0,0,0,0,0,0,0,0,0
2019_9_20,45,0,1,0,1,0,0,2,0,0,0
2019_9_21,45,0,0,0,0,0,0,0,0,0,0
2019_9_22,45,0,1,0,0,0,0,0,0,0,0
2019_9_23,45,0,0,0,0,0,0,0,0,0,0
2019_9_24,45,0,0,0,0,0,1,0,0,0,0
2019_9_25,45,0,0,0,1,0,0,0,0,0,0
2019_9_26,45,0,0,0,0,0,0,0,0,0,0
2019_9_27,45,0,0,0,0,0,0,0,0,0,0
2019_9_28,45,0,1,0,0,0,0,0,0,0,0
2019_9_29,45,0,0,0,0,0,0,0,0,0,0
2019_9_30,45,0,0,0,0,0,0,0,0,0,0
2019_10_1,46,0,0,0,1,0,0,0,0,1,0
2019_10_2,46,1,0,0,0,0,0,0,0,0,0
2019_10_3,46,0,0,0,1,0,0,1,0,0,0
2019_10_4,46,0,1,0,0,0,0,1,0,0,0
2019_10_5,46,0,0,0,0,0,0,0,0,0,0
2019_10_6,46,1,0,0,0,0,1,0,0,1,0
2019_10_7,46,0,0,0,0,0,0,0,0,0,0
2019_10_8,46,1,0,0,1,0,0,1,0,0,0
2019_10_9,46,0,0,0,0,0,1,0,0,0,0
2019_10_10,46,0,0,0,0,0,0,0,0,0,0
2019_10_11,46,0,0,0,0,0,0,0,0,0,0
2019_10_12,46,0,1,0,0,0,0,0,0,0,0
2019_10_13,46,0,0,0,0,0,0,0,0,0,0
2019_10_14,46,1,0,0,0,0,0,0,0,0,0
2019_10_15,46,0,0,0,0,0,0,0,0,0,0
2019_10_16,46,0,0,0,0,0,0,0,0,0,0
2019_10_17,46,0,0,0,0,0,0,0,0,0,0
2019_10_18,46,1,0,0,0,0,1,0,0,0,0
2019_10_19,46,0,0,0,0,0,0,0,0,0,0
2019_10_20,46,0,0,0,0,0,0,1,0,0,0
2019_10_21,46,0,0,0,0,0,0,0,0,0,0
2019_10_22,46,0,1,0,0,0,1,0,0,0,0
2019_10_23,46,0,0,0,0,0,0,0,0,0,0
2019_10_24,46,0,0,0,0,0,0,0,0,0,0
2019_10_25,46,0,0,0,0,0,0,0,0,0,0
2019_10_26,46,0,0,0,0,0,0,0,0,0,0
2019_10_27,46,0,0,0,0,0,0,0,0,0,0
2019_10_28,46,0,0,0,0,0,0,0,0,0,0
2019_10_29,46,0,0,0,0,0,0,0,0,0,0
2019_10_30,46,0,0,0,0,0,0,0,0,0,0
2019_11_1,47,0,0,0,0,0,1,0,0,0,0
2019_11_2,47,0,1,0,0,0,0,0,0,0,0
2019_11_3,47,0,0,0,0,0,0,1,0,0,0
2019_11_4,47,1,0,0,0,0,0,0,0,0,0
2019_11_5,47,0,0,0,0,0,0,1,0,0,0
2019_11_6,47,0,1,0,0,0,0,0,0,0,0
2019_11_7,47,0,0,0,0,0,1,0,0,0,0
2019_11_8,47,0,0,0,0,0,0,0,0,0,0
2019_11_9,47,1,0,0,0,0,0,1,0,0,0
2019_11_10,47,0,0,0,0,0,0,0,0,0,0
2019_11_11,47,0,0,0,0,0,1,0,0,0,0
2019_11_12,47,0,1,0,0,0,0,0,0,0,0
2019_11_13,47,1,0,0,0,0,0,0,0,0,0
2019_11_14,47,0,0,0,0,0,0,0,0,0,0
2019_11_15,47,0,0,0,0,0,0,0,0,0,0
2019_11_16,47,0,0,0,0,0,0,0,0,0,0
2019_11_17,47,0,0,0,0,0,0,0,0,0,0
2019_11_18,47,0,0,0,0,0,0,0,0,0,0
2019_11_19,47,1,0,0,0,0,0,0,0,0,0
2019_11_20,47,0,0,0,0,0,1,0,0,0,0
2019_11_21,47,0,0,0,0,0,0,0,0,0,0
2019_11_22,47,0,0,0,0,0,0,0,0,0,0
2019_11_23,47,0,0,0,0,0,0,0,0,0,0
2019_11_24,47,0,0,0,0,0,0,0,0,0,0
2019_11_25,47,0,0,0,0,0,0,0,0,0,0
2019_11_26,47,0,0,0,0,0,0,0,0,0,0
2019_11_27,47,0,0,0,0,0,0,0,0,0,0
2019_11_28,47,0,0,0,0,0,0,0,0,0,0
2019_11_29,47,0,0,0,0,0,0,0,0,0,0
2019_11_30,47,0,0,0,0,0,0,0,0,0,0
2019_12_1,48,0,0,0,0,0,0,0,0,0,0
2019_12_2,48,0,0,0,0,0,0,1,0,0,0
2019_12_3,48,0,0,0,0,0,0,0,0,0,0
2019_12_4,48,0,0,0,0,0,1,0,0,0,0
2019_12_5,48,1,0,0,0,0,0,1,0,0,0
2019_12_6,48,0,1,0,0,0,0,0,0,0,0
2019_12_7,48,1,0,0,0,0,0,0,0,0,0
2019_12_8,48,0,1,0,0,0,0,0,0,0,0
2019_12_9,48,0,0,0,0,0,0,0,0,0,0
2019_12_10,48,1,0,0,0,0,0,0,0,0,0
2019_12_11,48,0,0,0,0,0,0,0,0,0,0
2019_12_12,48,0,1,0,0,0,0,0,0,0,0
2019_12_13,48,0,0,0,0,0,0,0,0,0,0
2019_12_14,48,0,0,0,0,0,0,0,0,0,0
2019_12_15,48,0,0,0,0,0,0,0,0,0,0
2019_12_16,48,0,0,0,0,0,0,0,0,0,0
2019_12_17,48,0,0,0,0,0,0,0,0,0,0
2019_12_18,48,0,0,0,0,0,0,0,0,0,0
2019_12_19,48,0,0,0,0,0,0,0,0,0,0
2019_12_20,48,1,0,0,0,0,0,1,0,0,0
2019_12_21,48,0,0,0,0,0,0,0,0,0,0
2019_12_22,48,0,0,0,0,0,0,0,0,0,0
2019_12_23,48,0,0,0,0,0,0,0,0,0,0
2019_12_24,48,0,0,0,0,0,0,0,0,0,0
2019_12_25,48,0,0,0,0,0,0,0,0,0,0
2019_12_26,48,0,0,0,0,0,0,0,0,0,0
2019_12_27,48,0,0,0,0,0,0,0,0,0,0
2019_12_28,48,0,0,0,0,0,0,0,0,0,0
2019_12_29,48,0,0,0,0,0,0,0,0,0,0
2019_12_30,48,0,0,0,0,0,0,0,0,0,0
